job_title,company,salary,location,experience,skills,raw_date
Solution Architect,Amentum,38826-38826,"Bristol, South West England (GB)",5+ years,IT General Skills,2026-10-10
Solution Architect,Amentum,40062-40062,UK (GB),5+ years,IT General Skills,2026-10-10
Solution Architect,Amentum,36938-36938,"Cardiff, Cardiff County (GB)",5+ years,IT General Skills,2026-10-10
Technical Academy Programme,Advanced Secure Technologies,26225-29000,UK (GB),1-3 years,IT General Skills,2026-10-10
Service Desk Manager,Evolver,77098-77098,"West Bethesda, Montgomery County (US)",5+ years,"Leadership, Project Management, Communication",2026-10-10
Infrastructure / Systems Administration Lead,Evolver,100245-100245,"West Bethesda, Montgomery County (US)",3-5 years,"Leadership, Project Management, Communication",2026-10-10
Deputy Program Manager,Evolver,169420-169420,"West Bethesda, Montgomery County (US)",5+ years,"Leadership, Project Management, Communication",2026-10-10
Database Administrator / DASH Lead,Evolver,90252-90252,"West Bethesda, Montgomery County (US)",3-5 years,"Leadership, Project Management, Communication",2026-10-10
End User Support Engineer Lead,Evolver,147912-147912,"West Bethesda, Montgomery County (US)",3-5 years,"Windows, Networking, Hardware, Troubleshooting",2026-10-10
Lead Cloud Engineer,Evolver,155716-155716,"West Bethesda, Montgomery County (US)",3-5 years,"AWS, GCP hoặc Azure, Terraform, Docker, Linux",2026-10-10
Project Manager - PMO Lead,Evolver,196857-196857,"West Bethesda, Montgomery County (US)",3-5 years,"Agile, Scrum, JIRA, MS Project, Risk Management",2026-10-10
Program Manager,Evolver,167756-167756,"West Bethesda, Montgomery County (US)",5+ years,"Leadership, Project Management, Communication",2026-10-10
Software Development Lead,Evolver,150722-150722,"West Bethesda, Montgomery County (US)",3-5 years,"Leadership, Project Management, Communication",2026-10-10
OT/ICS Systems Engineer Lead,Evolver,93717-93717,"West Bethesda, Montgomery County (US)",3-5 years,"Git, Programming, Problem Solving, SQL",2026-10-10
Infrastructure / Systems Administration Lead with Security Clearance,Evolver,89397-89397,"Bethesda, Montgomery County (US)",3-5 years,"Penetration Testing, SIEM, Firewall, Linux, SOC",2026-10-10
End User Support Engineer Lead with Security Clearance,Evolver,102060-102060,"Bethesda, Montgomery County (US)",3-5 years,"Penetration Testing, SIEM, Firewall, Linux, SOC",2026-10-10
Software Development Lead with Security Clearance,Evolver,132010-132010,"Bethesda, Montgomery County (US)",3-5 years,"Penetration Testing, SIEM, Firewall, Linux, SOC",2026-10-10
Service Desk Manager with Security Clearance,Evolver,68623-68623,"Bethesda, Montgomery County (US)",5+ years,"Penetration Testing, SIEM, Firewall, Linux, SOC",2026-10-10
Deputy Program Manager with Security Clearance,Evolver,158506-158506,"Westlake, Montgomery County (US)",5+ years,"Penetration Testing, SIEM, Firewall, Linux, SOC",2026-10-10
OT/ICS Systems Engineer Lead with Security Clearance,Evolver,82472-82472,"Somerset, Montgomery County (US)",3-5 years,"Penetration Testing, SIEM, Firewall, Linux, SOC",2026-10-10
Database Administrator / DASH Lead with Security Clearance,Evolver,116620-116620,"Martins Additions, Montgomery County (US)",3-5 years,"Penetration Testing, SIEM, Firewall, Linux, SOC",2026-10-10
Project Manager - PMO Lead with Security Clearance,Evolver,250029-250029,"Martins Additions, Montgomery County (US)",3-5 years,"Penetration Testing, SIEM, Firewall, Linux, SOC",2026-10-10
Lead Cloud Engineer with Security Clearance,Evolver,189191-189191,"Martins Additions, Montgomery County (US)",3-5 years,"AWS, GCP hoặc Azure, Terraform, Docker, Linux",2026-10-10
Program Manager with Security Clearance,Evolver,150230-150230,"Bethesda, Montgomery County (US)",5+ years,"Penetration Testing, SIEM, Firewall, Linux, SOC",2026-10-10
IT Systems & Security Analyst I,Evolver Corporate,60000-75000,"Reston, Fairfax County (US)",1-3 years,"Penetration Testing, SIEM, Firewall, Linux, SOC",2026-10-10
Digital Product Manager – Operations Technology,PTR Global,93660-93660,"Glen Allen, Henrico County (US)",5+ years,"Agile, Backlog, User Story, JIRA, Product Roadmap",2026-10-10
Information Architect - Senior,All IT Solutions,111486-111486,US (US),3-5 years,IT General Skills,2026-10-10
DC3 Program Manager,Evolver Federal,168637-168637,"Linthicum Heights, Anne Arundel County (US)",5+ years,"Leadership, Project Management, Communication",2026-10-10
Automation Developer - Senior,All IT Solutions,80343-80343,US (US),3-5 years,"Git, Programming, Problem Solving, SQL",2026-10-10
Java Developer,All IT Solutions,100241-100241,"Ny State Campus, Albany County (US)",1-3 years,"Java, Spring Boot, SQL, Git, REST API",2026-10-10
Business Analyst,All IT Solutions,94453-94453,"Spartanburg, Spartanburg County (US)",1-3 years,"SQL, Excel, Power BI, Business Analysis, BPMN",2026-10-10
"Director, Business Development and Capture Management - Army IT with Security Clearance",Akima,232754-232754,"Herndon, Fairfax County (US)",5+ years,"Penetration Testing, SIEM, Firewall, Linux, SOC",2026-10-10
PI Historian,Cypress HCM,128196-128196,US (US),1-3 years,IT General Skills,2026-10-10
Business Development Manager/Capture Manager,"NexGen Technologies, Inc.",97758-97758,US (US),5+ years,"Leadership, Project Management, Communication",2026-10-10
Business Development Manager,Hadiamondstar Software Solutions LLC,81094-81094,"Fairfax County, Virginia (US)",5+ years,"Leadership, Project Management, Communication",2026-10-10
Client Solutions Manager,Robert Half,76560-76560,"Miami, Miami-Dade County (US)",5+ years,"Leadership, Project Management, Communication",2026-10-10
Senior Infrastructure Engineer - Data Protection,USAA,124160-124160,"San Antonio, Bexar County (US)",3-5 years,"Git, Programming, Problem Solving, SQL",2026-10-10
Infrastructure Engineer I - Data Protection,USAA,121493-121493,"Colorado Springs, El Paso County (US)",1-3 years,"Git, Programming, Problem Solving, SQL",2026-10-10
Infrastructure Engineer I - Data Protection,USAA,113869-113869,"San Antonio, Bexar County (US)",1-3 years,"Git, Programming, Problem Solving, SQL",2026-10-10
Infrastructure Engineer I - Data Protection,USAA,111214-111214,"Phoenix, Maricopa County (US)",1-3 years,"Git, Programming, Problem Solving, SQL",2026-10-10
Senior Infrastructure Engineer - Data Protection,USAA,121265-121265,"Phoenix, Maricopa County (US)",3-5 years,"Git, Programming, Problem Solving, SQL",2026-10-10
Infrastructure Engineer I - Data Protection,USAA,118317-118317,"Tampa, Hillsborough County (US)",1-3 years,"Git, Programming, Problem Solving, SQL",2026-10-10
Senior Infrastructure Engineer - Data Protection,USAA,129010-129010,"Tampa, Hillsborough County (US)",3-5 years,"Git, Programming, Problem Solving, SQL",2026-10-10
Senior Infrastructure Engineer - Data Protection,USAA,132474-132474,"Colorado Springs, El Paso County (US)",3-5 years,"Git, Programming, Problem Solving, SQL",2026-10-10
Business Intelligence Developer Senior,Gentiva,132107-132107,"Atlanta, Fulton County (US)",3-5 years,"Git, Programming, Problem Solving, SQL",2026-10-10
UC San Diego (UCSD) Career Fair 2026,Revvity,51561-51561,"San Diego, San Diego County (US)",1-3 years,IT General Skills,2026-10-10
Deputy Project Manager,Detroit Defense,100000-120000,"Troy, Oakland County (US)",5+ years,"Agile, Scrum, JIRA, MS Project, Risk Management",2026-10-10
General Paralegal,Evolver Federal,80000-85000,"Washington, D.C., US (US)",1-3 years,IT General Skills,2026-10-10
Director of Navy Business Development,Detroit Defense,180000-180000,"Lexington Park, St. Mary's County (US)",5+ years,"Leadership, Project Management, Communication",2026-10-10
Sr Data Analyst- Supply Chain Management,Sierra Space,128648-176891,"Louisville, Boulder County (US)",1-3 years,"SQL, Python, Power BI, Excel, Tableau",2026-10-10
DC3 Program Manager – VDP/DCISE/OED with Security Clearance,Evolver,116215-116215,"Linthicum Heights, Anne Arundel County (US)",5+ years,"Penetration Testing, SIEM, Firewall, Linux, SOC",2026-10-10
IT Imaging Technician with Security Clearance,Evolver,58116-58116,"Rosslyn, Arlington County (US)",1-3 years,"Penetration Testing, SIEM, Firewall, Linux, SOC",2026-10-10
Senior Discovery Paralegal with Security Clearance,Evolver,73194-73194,"Crystal, Arlington County (US)",3-5 years,"Penetration Testing, SIEM, Firewall, Linux, SOC",2026-10-10
DC3 Data Task Lead with Security Clearance,Evolver,79729-79729,"Linthicum Heights, Anne Arundel County (US)",3-5 years,"Penetration Testing, SIEM, Firewall, Linux, SOC",2026-10-10
DC3 CIO Task Lead with Security Clearance,Evolver,133314-133314,"Linthicum Heights, Anne Arundel County (US)",3-5 years,"Penetration Testing, SIEM, Firewall, Linux, SOC",2026-10-10
DC3 CIO Services Task Lead with Security Clearance,Evolver,141969-141969,"Linthicum Heights, Anne Arundel County (US)",3-5 years,"Penetration Testing, SIEM, Firewall, Linux, SOC",2026-10-10
Insider Threat Support Analyst with Security Clearance,Evolver,120693-120693,"Temple Hills, Prince George's County (US)",1-3 years,"Penetration Testing, SIEM, Firewall, Linux, SOC",2026-10-10
DC3 Technical Lead – OED with Security Clearance,Evolver,108629-108629,"Linthicum Heights, Anne Arundel County (US)",3-5 years,"Penetration Testing, SIEM, Firewall, Linux, SOC",2026-10-10
Discovery Business & System Analyst with Security Clearance,Evolver,89702-89702,"Rosslyn, Arlington County (US)",1-3 years,"Penetration Testing, SIEM, Firewall, Linux, SOC",2026-10-10
Discovery Paralegal with Security Clearance,Evolver,73032-73032,"Washington, D.C., US (US)",1-3 years,"Penetration Testing, SIEM, Firewall, Linux, SOC",2026-10-10
DC3 Technical Lead - DCISE with Security Clearance,Evolver,145392-145392,"Linthicum Heights, Anne Arundel County (US)",3-5 years,"Penetration Testing, SIEM, Firewall, Linux, SOC",2026-10-10
Veritas eDiscovery Platform (eDP) Engineer with Security Clearance,Evolver,125864-125864,"Tuxedo, Prince George's County (US)",1-3 years,"Penetration Testing, SIEM, Firewall, Linux, SOC",2026-10-10
General Paralegal with Security Clearance,Evolver,78055-78055,"Avondale, Prince George's County (US)",1-3 years,"Penetration Testing, SIEM, Firewall, Linux, SOC",2026-10-10
eDiscovery Technical Advisor with Security Clearance,Evolver,100416-100416,"Suitland, Prince George's County (US)",1-3 years,"Penetration Testing, SIEM, Firewall, Linux, SOC",2026-10-10
Legal Clerical Support with Security Clearance,Evolver,85101-85101,"Washington, D.C., US (US)",1-3 years,"Penetration Testing, SIEM, Firewall, Linux, SOC",2026-10-10
DC3 Program Manager with Security Clearance,Evolver,127504-127504,"Linthicum Heights, Anne Arundel County (US)",5+ years,"Penetration Testing, SIEM, Firewall, Linux, SOC",2026-10-10
Boston University Career Fair 2026,Revvity,38932-38932,"Boston, Suffolk County (US)",1-3 years,IT General Skills,2026-10-10
Application Developer / Java Full-Stack Developer / Software Engineer (Web Applications),MANTECH,139148-139148,"Chantilly, Fairfax County (US)",1-3 years,"Java, Spring Boot, SQL, Git, REST API",2026-10-10
Discovery Business & System Analyst,Evolver Federal,110000-120000,"Rosslyn, Arlington County (US)",1-3 years,"SQL, Excel, Data Analysis, Reporting",2026-10-10
"Senior Director Electronic Security Systems Engineering, Estimation & CAD",Evolver ESS,150000-200000,"Manassas, Prince William County (US)",3-5 years,"Penetration Testing, SIEM, Firewall, Linux, SOC",2026-10-10
eDiscovery Technical Advisor,Evolver Federal,110000-125000,"Rosslyn, Arlington County (US)",1-3 years,IT General Skills,2026-10-10
Business Development Manager IT Consulting & Staffing,Hadiamondstar Software Solutions LLC,81381-81381,"Burke, Fairfax County (US)",3-5 years,"Leadership, Project Management, Communication",2026-10-10
eDiscovery Technical Advisor,Evolver,122483-122483,"Mount Rainier, Prince George's County (US)",1-3 years,IT General Skills,2026-10-10
Senior Director Electronic Security Systems,"Seneca Resources, LLC",189271-189271,"Manassas, Prince William County (US)",3-5 years,"Penetration Testing, SIEM, Firewall, Linux, SOC",2026-10-10
IT Support & Automation Specialist,River Road Asset Management,53793-53793,"Louisville, Jefferson County (US)",1-3 years,"Windows, Networking, Hardware, Troubleshooting",2026-10-10
Project Administrator (DMV Area),Ignite IT,71761-71761,"Suitland, Prince George's County (US)",1-3 years,IT General Skills,2026-10-10
DHS Program Manager,REI Systems,65089-65089,"Dulles Town Center, Loudoun County (US)",5+ years,"Leadership, Project Management, Communication",2026-10-10
Discovery Business & System Analyst,Evolver,107194-107194,"Mount Rainier, Prince George's County (US)",1-3 years,"SQL, Excel, Data Analysis, Reporting",2026-10-10
Sr Technical Writer,"Judge Group, Inc.",121859-121859,"Tysons, Fairfax County (US)",1-3 years,IT General Skills,2026-10-10
Survey Data Analyst,Leidos,95000-125000,"Cabin John, Montgomery County (US)",1-3 years,"SQL, Python, Power BI, Excel, Tableau",2026-10-10
Insider Threat Support Analyst,Evolver Federal,120000-130000,"Suitland, Prince George's County (US)",1-3 years,"Windows, Networking, Hardware, Troubleshooting",2026-10-10
Infrastructure Engineer I - Data Protection,USAA,106276-106276,"Charlotte, Mecklenburg County (US)",1-3 years,"Git, Programming, Problem Solving, SQL",2026-10-10
Senior Infrastructure Engineer - Data Protection,USAA,115999-115999,"Charlotte, Mecklenburg County (US)",3-5 years,"Git, Programming, Problem Solving, SQL",2026-10-10
Infrastructure Engineer I - Data Protection,USAA,103113-103113,"Phoenix, Maricopa County (US)",1-3 years,"Git, Programming, Problem Solving, SQL",2026-10-10
Senior Infrastructure Engineer - Data Protection,USAA,112548-112548,"Phoenix, Maricopa County (US)",3-5 years,"Git, Programming, Problem Solving, SQL",2026-10-10
Senior Infrastructure Engineer - Data Protection,USAA,122950-122950,"Colorado Springs, El Paso County (US)",3-5 years,"Git, Programming, Problem Solving, SQL",2026-10-10
Infrastructure Engineer I - Data Protection,USAA,112643-112643,"Colorado Springs, El Paso County (US)",1-3 years,"Git, Programming, Problem Solving, SQL",2026-10-10
Insider Threat Support Analyst,Evolver,138620-138620,"Camp Springs, Prince George's County (US)",1-3 years,"Windows, Networking, Hardware, Troubleshooting",2026-10-10
Business Intelligence Developer Senior,N/A,129389-129389,"Vinnings, Cobb County (US)",3-5 years,"Git, Programming, Problem Solving, SQL",2026-10-10
Mainframe CICS Systems Programmer Senior,"Pyramid, Inc",124800-145600,"San Antonio, Bexar County (US)",3-5 years,"Git, Programming, Problem Solving, SQL",2026-10-10
AI Architect,Software AG,175000-190000,"Reston, Fairfax County (US)",5+ years,IT General Skills,2026-10-10
Perplexity/AI Integration Lead (Hybrid),VIATEQ Corporation,120000-200000,"Crystal, Arlington County (US)",3-5 years,"Leadership, Project Management, Communication",2026-10-10
"Vice President, Application Engineering",Sand Tech,176020-176020,US (US),5+ years,"Git, Programming, Problem Solving, SQL",2026-10-10
Independent Technology Sales/ Client Partner,Saven Technologies,149993-149993,US (US),1-3 years,IT General Skills,2026-10-10
"Senior Program Manager, Professional Services",Hitachi,165000-215000,"Washington, Washington, D.C. (US)",3-5 years,"Leadership, Project Management, Communication",2026-10-10
Scrum Master with Security Clearance,Red Arch Solutions,282422-282422,"Reston, Fairfax County (US)",1-3 years,"Penetration Testing, SIEM, Firewall, Linux, SOC",2026-10-10
IT Software Developer Analyst-Level 4 -26-22715,US Tech Solutions,168413-168413,"Juno Beach, Palm Beach County (US)",1-3 years,"Git, Programming, Problem Solving, SQL",2026-10-10
Quarterly Planning and Operations Analyst,JD Power,75000-90000,US (US),1-3 years,"SQL, Excel, Data Analysis, Reporting",2026-10-10
Software Engineer,MANTECH,170556-170556,"Fort Meade, Meade County (US)",1-3 years,"Git, Programming, Problem Solving, SQL",2026-10-10
Software Engineer,MANTECH,159161-159161,"Fort George G Meade, Anne Arundel County (US)",1-3 years,"Git, Programming, Problem Solving, SQL",2026-10-10
Business Intelligence Developer,Johns Hopkins Medicine,124590-124590,"Hanover, Anne Arundel County (US)",1-3 years,"Git, Programming, Problem Solving, SQL",2026-10-10
Software Engineer with Security Clearance,MANTECH,144212-144212,"Fort George G Meade, Anne Arundel County (US)",1-3 years,"Penetration Testing, SIEM, Firewall, Linux, SOC",2026-10-10
Legal Clerical Support,Evolver Federal,65000-70000,"Washington, D.C., US (US)",1-3 years,"Windows, Networking, Hardware, Troubleshooting",2026-10-10
Technical Sourcer,MANTECH,123778-123778,"Herndon, Fairfax County (US)",1-3 years,IT General Skills,2026-10-10
Director of Implementation,Healthcare Fraud Shield,156386-156386,"Lake Chesterfield, Saint Louis County (US)",5+ years,"Leadership, Project Management, Communication",2026-10-10
Senior Discovery Paralegal,Evolver Federal,95000-105000,"Rosslyn, Arlington County (US)",3-5 years,IT General Skills,2026-10-10
Discovery Paralegal,Evolver Federal,85000-95000,"Rosslyn, Arlington County (US)",1-3 years,IT General Skills,2026-10-10
Legal Clerical Support,Evolver,65214-65214,"Mount Rainier, Prince George's County (US)",1-3 years,"Windows, Networking, Hardware, Troubleshooting",2026-10-10
IT Imaging Technician,Evolver Federal,47840-56160,"Crystal, Arlington County (US)",1-3 years,IT General Skills,2026-10-10
General Paralegal with Security Clearance,"NasTech Global, Inc.",93852-93852,"Washington, D.C., US (US)",1-3 years,"Penetration Testing, SIEM, Firewall, Linux, SOC",2026-10-10
IT Imaging Technician,Evolver,68529-68529,"Mount Rainier, Prince George's County (US)",1-3 years,IT General Skills,2026-10-10
Perplexity/AI Integration Lead,Koniag Government Services,120691-120691,"Washington, Washington, D.C. (US)",3-5 years,"Leadership, Project Management, Communication",2026-10-10
Perplexity/AI Integration Lead,Koniag Government Services,127917-127917,"Washington, D.C., US (US)",3-5 years,"Leadership, Project Management, Communication",2026-10-10
Perplexity/AI Integration Lead with Security Clearance,Koniag Government Services,137620-137620,"Washington, D.C., US (US)",3-5 years,"Penetration Testing, SIEM, Firewall, Linux, SOC",2026-10-10
Engineering Technical Account Manager (Cloud),Bank of Montreal,112200-209000,US (US),5+ years,"AWS, GCP hoặc Azure, Terraform, Docker, Linux",2026-10-10
CSV Engineer,Alliance Biotech Solutions,163888-163888,"Raleigh, Wake County (US)",1-3 years,"Git, Programming, Problem Solving, SQL",2026-10-10
"Director, Business Development and Capture Management - Army IT",NANA Regional Corporation,216114-216114,"Herndon, Fairfax County (US)",5+ years,"Leadership, Project Management, Communication",2026-10-10
CTO,The Hiring Method,250000-400000,US (US),1-3 years,IT General Skills,2026-10-10
Electronic Security Technician (Level III),Evolver ESS,86021-86021,US (US),1-3 years,"Penetration Testing, SIEM, Firewall, Linux, SOC",2026-10-10
Veritas eDiscovery Platform (eDP) Engineer,Evolver Federal,120000-130000,"Rosslyn, Arlington County (US)",1-3 years,"Git, Programming, Problem Solving, SQL",2026-10-10
Veritas eDiscovery Platform (eDP) Engineer,Evolver,155248-155248,"Mount Rainier, Prince George's County (US)",1-3 years,"Git, Programming, Problem Solving, SQL",2026-10-10
DC3 Technical Lead - DCISE,Evolver Federal,150000-225000,"Linthicum Heights, Anne Arundel County (US)",3-5 years,"Leadership, Project Management, Communication",2026-10-10
DC3 Data Task Lead,Evolver Federal,150000-225000,"Linthicum Heights, Anne Arundel County (US)",3-5 years,"Leadership, Project Management, Communication",2026-10-10
DC3 Program Manager – VDP/DCISE/OED,Evolver Federal,150000-225000,"Linthicum Heights, Anne Arundel County (US)",5+ years,"Leadership, Project Management, Communication",2026-10-10
DC3 Technical Lead – OED,Evolver Federal,150000-225000,"Linthicum Heights, Anne Arundel County (US)",3-5 years,"Leadership, Project Management, Communication",2026-10-10
DC3 CIO Services Task Lead,Evolver Federal,150000-225000,"Linthicum Heights, Anne Arundel County (US)",3-5 years,"Leadership, Project Management, Communication",2026-10-10
DC3 CIO Task Lead,Evolver Federal,150000-225000,"Linthicum Heights, Anne Arundel County (US)",3-5 years,"Leadership, Project Management, Communication",2026-10-10
DC3 Program Manager,Evolver Federal,150000-225000,"Linthicum Heights, Anne Arundel County (US)",5+ years,"Leadership, Project Management, Communication",2026-10-10
DC3 CIO Task Lead,Evolver,146851-146851,"Linthicum Heights, Anne Arundel County (US)",3-5 years,"Leadership, Project Management, Communication",2026-10-10
DC3 Program Manager,Evolver,138219-138219,"Linthicum Heights, Anne Arundel County (US)",5+ years,"Leadership, Project Management, Communication",2026-10-10
DC3 Program Manager u2013 VDP/DCISE/OED,Evolver,125963-125963,"Linthicum Heights, Anne Arundel County (US)",5+ years,"Leadership, Project Management, Communication",2026-10-10
DC3 Data Task Lead,Evolver,84144-84144,"Linthicum Heights, Anne Arundel County (US)",3-5 years,"Leadership, Project Management, Communication",2026-10-10
DC3 CIO Services Task Lead,Evolver,149720-149720,"Linthicum Heights, Anne Arundel County (US)",3-5 years,"Leadership, Project Management, Communication",2026-10-10
DC3 Technical Lead - DCISE,Evolver,150051-150051,"Linthicum Heights, Anne Arundel County (US)",3-5 years,"Leadership, Project Management, Communication",2026-10-10
DC3 Technical Lead u2013 OED,Evolver,116707-116707,"Linthicum Heights, Anne Arundel County (US)",3-5 years,"Leadership, Project Management, Communication",2026-10-10
Engineering Technical Account Manager (Cloud),BMO Financial Group,139416-139416,US (US),5+ years,"AWS, GCP hoặc Azure, Terraform, Docker, Linux",2026-10-10
Director - Capture Management - TSPG,NANA Regional Corporation,212397-212397,"Herndon, Fairfax County (US)",5+ years,"Leadership, Project Management, Communication",2026-10-10
"Sr. Assoc, Devops Engineer",Revantage,Negotiable,"Bangalore, Karnataka (IN)",3-5 years,"Docker, Kubernetes, CI/CD, Linux, AWS hoặc GCP",2026-10-10
Senior Recruiter – Canadian Staffing Process - Eastern Time Zone,Upstaff,Negotiable,"Hussainialam, Hyderabad (IN)",3-5 years,"Figma, Adobe XD, User Research, Prototyping",2026-10-10
Sales executive (Recruitment),Bayrecruit,Negotiable,India (IN),1-3 years,"Figma, Adobe XD, User Research, Prototyping",2026-10-10
Technology Internal Audit Director,FNZ Group,Negotiable,"Gurgaon, Haryana (IN)",5+ years,"Leadership, Project Management, Communication",2026-10-10
EntryLevel IT Summer Intern Data Analytics Software Development and,remote zest jobs,Negotiable,India (IN),0-1 year,IT General Skills,2026-10-10
Join Our Talent Pool - Future Remote Opportunities,CrewBloom,Negotiable,India (IN),1-3 years,IT General Skills,2026-10-10
Staff Platform Engineer,FAI,Negotiable,India (IN),3-5 years,"Git, Programming, Problem Solving, SQL",2026-10-10
Lead IT Recruiter,Incruiter,600000-1000000,"Bangalore, Karnataka (IN)",3-5 years,"Figma, Adobe XD, User Research, Prototyping",2026-10-10
Associate – Utility Transformation– Advisory– Gurugram,PricewaterhouseCoopers,Negotiable,India (IN),1-3 years,IT General Skills,2026-10-10
Onboarding Team Lead(Staffing Recruititng Agency),Incruiter,200000-1200000,"Bangalore, Karnataka (IN)",3-5 years,"Figma, Adobe XD, User Research, Prototyping",2026-10-10
Inside Sales Executive,iTech India Private Limited,200000-500000,"Chennai, Tamil Nadu (IN)",1-3 years,IT General Skills,2026-10-10
