id,raw_date
5701351091,2026-05-04
5685914310,2026-05-04
5603321212,2026-05-04
5713839784,2026-05-04
5714835922,2026-05-04
5664507203,2026-05-04
5688570106,2026-05-04
5691577861,2026-05-04
5622925674,2026-05-04
5692504993,2026-05-04
5688370658,2026-05-04
5700372451,2026-05-04
5522280572,2026-05-04
5685899188,2026-05-04
5586114059,2026-05-04
5657069841,2026-05-04
5694348429,2026-05-04
5692221417,2026-05-04
5718365986,2026-05-04
5606172907,2026-05-04
5685701732,2026-05-04
5706937867,2026-05-04
5610838281,2026-05-04
5633333741,2026-05-04
5694142474,2026-05-04
5684263618,2026-05-04
5692202025,2026-05-04
5670938257,2026-05-04
5707303277,2026-05-04
5707303279,2026-05-04
5711887820,2026-05-04
5698724236,2026-05-04
5610870407,2026-05-04
5638932678,2026-05-04
5714843165,2026-05-04
5708912375,2026-05-04
5694432041,2026-05-04
5615413121,2026-05-04
5615268573,2026-05-04
5693762277,2026-05-04
5697324140,2026-05-04
5718344594,2026-05-04
5210483358,2026-05-04
5713698387,2026-05-04
5705947823,2026-05-04
5666293739,2026-05-04
5698723557,2026-05-04
5643440394,2026-05-04
5717831052,2026-05-04
5706159199,2026-05-04
5643438674,2026-05-04
5701186883,2026-05-04
5699081816,2026-05-04
5709285440,2026-05-04
5705683663,2026-05-04
5695050561,2026-05-04
5710232449,2026-05-04
5712871216,2026-05-04
5611742153,2026-05-04
5715945604,2026-05-04
5693048303,2026-05-04
5710435685,2026-05-04
5713616292,2026-05-04
5716040854,2026-05-04
5714795479,2026-05-04
5718367466,2026-05-04
5712292075,2026-05-04
5713675692,2026-05-04
5469353914,2026-05-04
5698293721,2026-05-04
5706931351,2026-05-04
5695730244,2026-05-04
5695751190,2026-05-04
5694630468,2026-05-04
5705311422,2026-05-04
5704597429,2026-05-04
5704596762,2026-05-04
5718345829,2026-05-04
5643440314,2026-05-04
5711942696,2026-05-04
5694622991,2026-05-04
5693479909,2026-05-04
5701875338,2026-05-04
5706053289,2026-05-04
5715822079,2026-05-04
5706190703,2026-05-04
5537931565,2026-05-04
5706351319,2026-05-04
5715739914,2026-05-04
5714556332,2026-05-04
5692533103,2026-05-04
5715824537,2026-05-04
5718339815,2026-05-04
5718344011,2026-05-04
5715792918,2026-05-04
5711545974,2026-05-04
5576527199,2026-05-04
5678131659,2026-05-04
5697324245,2026-05-04
5702620619,2026-05-04
5568659442,2026-05-04
5537931554,2026-05-04
5716072352,2026-05-04
5717831596,2026-05-04
5717824384,2026-05-04
5708744756,2026-05-04
5700273090,2026-05-04
5709816607,2026-05-04
5714587016,2026-05-04
5707713018,2026-05-04
5714795617,2026-05-04
5714556168,2026-05-04
5713712072,2026-05-04
5714048091,2026-05-04
5626540704,2026-05-04
5676554510,2026-05-04
5718343236,2026-05-04
5707693223,2026-05-04
5707693377,2026-05-04
5665224991,2026-05-04
5703510184,2026-05-04
5715041774,2026-05-04
5715041942,2026-05-04
5715041791,2026-05-04
5715041844,2026-05-04
5715041725,2026-05-04
5715041792,2026-05-04
5715041767,2026-05-04
5714056005,2026-05-04
4398229005,2026-05-04
5621736090,2026-05-04
5700359907,2026-05-04
5684550125,2026-05-04
5716517413,2026-05-04
5692506562,2026-05-04
5685619859,2026-05-04
5694039206,2026-05-04
5695034933,2026-05-04
5707345412,2026-05-04
5701477732,2026-05-04
5584659743,2026-05-04
5714594550,2026-05-04
5714999503,2026-05-04
5712788047,2026-05-04
5693053523,2026-05-04
5714567977,2026-05-04
5714624789,2026-05-04
5684154534,2026-05-04
5702456560,2026-05-04
5695504569,2026-05-04
5714670894,2026-05-04
5714670198,2026-05-04
5718189261,2026-05-04
5715014772,2026-05-04
5714555661,2026-05-04
5704317896,2026-05-04
5628420785,2026-05-04
5694070453,2026-05-04
5708344799,2026-05-04
5709922604,2026-05-04
5713832607,2026-05-04
5520156555,2026-05-04
5707851477,2026-05-04
5694629959,2026-05-04
5539835700,2026-05-04
5588187884,2026-05-04
5597488780,2026-05-04
5705342278,2026-05-04
5660631598,2026-05-04
5707330805,2026-05-04
5680206566,2026-05-04
5705683780,2026-05-04
5717296596,2026-05-04
5702593615,2026-05-04
5717831117,2026-05-04
5490362465,2026-05-04
5718330930,2026-05-04
5702459172,2026-05-04
5715946210,2026-05-04
5210484454,2026-05-04
5710433597,2026-05-04
5701934446,2026-05-04
5718270051,2026-05-04
5717525257,2026-05-04
5713404454,2026-05-04
5718343748,2026-05-04
5711106928,2026-05-04
5700344470,2026-05-04
5709357553,2026-05-04
5711699047,2026-05-04
5718367803,2026-05-04
5692244283,2026-05-04
5712800924,2026-05-04
5700383555,2026-05-04
5680316445,2026-05-04
5711837840,2026-05-04
5716411241,2026-05-04
5707314236,2026-05-04
5709492182,2026-05-04
5709922721,2026-05-04
5657599092,2026-05-04
5706347007,2026-05-04
5706347005,2026-05-04
5611711617,2026-05-04
5709357555,2026-05-04
5706056788,2026-05-04
5682201446,2026-05-04
5711942660,2026-05-04
5674162686,2026-05-04
5670675717,2026-05-04
5700756949,2026-05-04
5715945506,2026-05-04
5695777346,2026-05-04
5707335996,2026-05-04
5592365616,2026-05-04
5709447745,2026-05-04
5711110458,2026-05-04
5713758469,2026-05-04
5630920560,2026-05-04
5695774679,2026-05-04
5712163436,2026-05-04
5715956955,2026-05-04
5712799217,2026-05-04
5524374989,2026-05-04
5614222486,2026-05-04
5614222448,2026-05-04
5614222450,2026-05-04
5614222451,2026-05-04
5615947202,2026-05-04
5615947196,2026-05-04
5616007733,2026-05-04
5633554135,2026-05-04
5633554133,2026-05-04
5633554128,2026-05-04
5633554141,2026-05-04
5633554132,2026-05-04
5615947188,2026-05-04
5614222457,2026-05-04
5509075145,2026-05-04
5711847020,2026-05-04
5706571037,2026-05-04
5707335796,2026-05-04
5696472449,2026-05-04
5718403013,2026-05-04
5641792464,2026-05-04
5718342981,2026-05-04
5672936452,2026-05-04
5716224003,2026-05-04
5717134412,2026-05-04
5714571637,2026-05-04
5715944924,2026-05-04
5715794900,2026-05-04
5715793606,2026-05-04
5643691294,2026-05-04
5703082154,2026-05-04
5715621710,2026-05-04
5700093708,2026-05-04
5548451796,2026-05-04
5713838288,2026-05-04
5693481186,2026-05-04
5716068168,2026-05-04
5705346912,2026-05-04
5710820136,2026-05-04
5711278810,2026-05-04
5711278821,2026-05-04
5713135320,2026-05-04
5713135342,2026-05-04
5715025404,2026-05-04
5715025490,2026-05-04
5712920705,2026-05-04
5659609830,2026-05-04
5715946333,2026-05-04
5708449550,2026-05-04
5713082010,2026-05-04
5681257159,2026-05-04
5687572484,2026-05-04
5712888910,2026-05-04
5711941950,2026-05-04
5712905229,2026-05-04
4626951095,2026-05-04
5503213210,2026-05-04
5710434722,2026-05-04
5712883098,2026-05-04
5713818924,2026-05-04
5669549293,2026-05-04
5660467385,2026-05-04
5714845420,2026-05-04
5718341253,2026-05-04
5718345705,2026-05-04
5699168512,2026-05-04
5703681457,2026-05-04
5605143986,2026-05-04
5509085420,2026-05-04
5704450335,2026-05-04
5708330842,2026-05-04
5709840872,2026-05-04
5709359071,2026-05-04
5704450923,2026-05-04
5715834275,2026-05-04
5697409397,2026-05-04
5714626171,2026-05-04
5709504823,2026-05-04
4625900903,2026-05-04
5694677038,2026-05-04
5714667937,2026-05-04
5693051379,2026-05-04
5708451210,2026-05-04
5699174200,2026-05-04
5698416812,2026-05-04
5692435074,2026-05-04
5693495612,2026-05-04
5713709360,2026-05-04
5632257455,2026-05-04
5651658572,2026-05-04
5706323920,2026-05-04
5714046725,2026-05-04
5707330961,2026-05-04
5693287687,2026-05-04
5713839170,2026-05-04
5718345344,2026-05-04
5493430501,2026-05-04
5711906040,2026-05-04
5696137646,2026-05-04
5715834276,2026-05-04
5705182938,2026-05-04
5626271232,2026-05-04
5706274865,2026-05-04
5716505097,2026-05-04
5708448489,2026-05-04
5711122614,2026-05-04
5714352936,2026-05-04
5714352841,2026-05-04
5661497566,2026-05-04
5712033668,2026-05-04
5675109645,2026-05-04
5709358996,2026-05-04
5689064466,2026-05-04
5706582427,2026-05-04
5705217041,2026-05-04
5699052483,2026-05-04
5628420619,2026-05-04
5638641549,2026-05-04
5683219375,2026-05-04
5709165603,2026-05-04
5707713145,2026-05-04
5699497001,2026-05-04
5711990389,2026-05-04
5714424169,2026-05-04
5711905418,2026-05-04
5711902332,2026-05-04
5695766991,2026-05-04
5699176348,2026-05-04
5695019553,2026-05-04
5713981115,2026-05-04
5701590413,2026-05-04
5700383565,2026-05-04
5718339910,2026-05-04
5706191203,2026-05-04
5700005885,2026-05-04
5718345733,2026-05-04
5679240315,2026-05-04
5693030711,2026-05-04
5707345042,2026-05-04
5705352019,2026-05-04
5695019506,2026-05-04
5702984383,2026-05-04
5708344798,2026-05-04
5712899841,2026-05-04
5708483733,2026-05-04
5703526112,2026-05-04
5705252293,2026-05-04
5712982520,2026-05-04
5592310479,2026-05-04
5718365321,2026-05-04
5683641561,2026-05-04
5686417047,2026-05-04
5685710077,2026-05-04
5329641792,2026-05-04
5680219659,2026-05-04
5700642859,2026-05-04
5676936399,2026-05-04
5705683777,2026-05-04
5705683779,2026-05-04
5706297002,2026-05-04
5695429062,2026-05-04
5622901217,2026-05-04
5709519554,2026-05-04
5707374383,2026-05-04
5706721597,2026-05-04
5210490739,2026-05-04
5636207172,2026-05-04
5706060366,2026-05-04
5694398001,2026-05-04
5700005843,2026-05-04
5671805584,2026-05-04
5685907373,2026-05-04
5716140946,2026-05-04
5695442408,2026-05-04
5713826220,2026-05-04
5713826216,2026-05-04
5705315439,2026-05-04
5692245917,2026-05-04
5711948804,2026-05-04
5717832131,2026-05-04
5706188314,2026-05-04
5636610332,2026-05-04
5676879678,2026-05-04
5628398120,2026-05-04
5687234559,2026-05-04
5709978085,2026-05-04
5714587726,2026-05-04
5708838553,2026-05-04
5589106591,2026-05-04
5715138373,2026-05-04
5628138781,2026-05-04
5707034370,2026-05-04
5696460770,2026-05-04
5704596929,2026-05-04
5718365335,2026-05-04
5717165957,2026-05-04
5712901269,2026-05-04
5702671783,2026-05-04
5685598552,2026-05-04
5635165784,2026-05-04
5693942582,2026-05-04
5709359767,2026-05-04
5715958869,2026-05-04
4402118552,2026-05-04
4402118922,2026-05-04
5660941043,2026-05-04
5687234830,2026-05-04
5700005684,2026-05-04
5641301572,2026-05-04
5717385620,2026-05-04
5713757520,2026-05-04
5700792071,2026-05-04
5715794138,2026-05-04
5706634017,2026-05-04
5706633988,2026-05-04
5706634010,2026-05-04
5664704892,2026-05-04
5714372714,2026-05-04
5696065029,2026-05-04
5714025352,2026-05-04
5696156181,2026-05-04
5718367766,2026-05-04
5456247379,2026-05-04
5665227187,2026-05-04
5672953603,2026-05-04
5714489441,2026-05-04
5715844926,2026-05-04
5713771140,2026-05-04
5607446192,2026-05-04
5687580870,2026-05-04
5717830521,2026-05-04
5717830363,2026-05-04
5714049221,2026-05-04
5714536040,2026-05-04
5706075912,2026-05-04
5695659172,2026-05-04
5694674789,2026-05-04
5704446907,2026-05-04
5698200575,2026-05-04
5712751202,2026-05-04
5709262159,2026-05-04
5711942183,2026-05-04
5713697907,2026-05-04
5687234863,2026-05-04
5433750030,2026-05-04
5433749547,2026-05-04
5707625588,2026-05-04
5714667869,2026-05-04
5684276509,2026-05-04
5711122161,2026-05-04
5713611386,2026-05-04
5676355682,2026-05-04
5709458823,2026-05-04
5611080949,2026-05-04
5702714648,2026-05-04
5657684986,2026-05-04
5706259671,2026-05-04
5691019043,2026-05-04
5696574911,2026-05-04
5705271556,2026-05-04
5707660938,2026-05-04
5693216560,2026-05-04
5632257474,2026-05-04
5705319060,2026-05-04
5707806626,2026-05-04
5705313033,2026-05-04
5683642533,2026-05-04
5694427433,2026-05-04
5711947898,2026-05-04
5707315254,2026-05-04
5717831792,2026-05-04
5718365803,2026-05-04
5683279723,2026-05-04
5683279711,2026-05-04
5706259629,2026-05-04
5702086401,2026-05-04
5714913880,2026-05-04
5715795352,2026-05-04
5712044064,2026-05-04
5371018650,2026-05-04
5713758277,2026-05-04
5702167024,2026-05-04
5673735469,2026-05-04
5703188956,2026-05-04
5646781417,2026-05-04
5715111112,2026-05-04
5715111090,2026-05-04
5715137474,2026-05-04
5715097452,2026-05-04
5715139110,2026-05-04
5715031621,2026-05-04
5715070007,2026-05-04
5715067039,2026-05-04
5715137655,2026-05-04
5715062208,2026-05-04
5715067723,2026-05-04
5715136258,2026-05-04
5715139745,2026-05-04
5715071882,2026-05-04
5715204049,2026-05-04
5715005354,2026-05-04
5715108978,2026-05-04
5714905883,2026-05-04
5714904327,2026-05-04
5715005892,2026-05-04
5715062423,2026-05-04
5715085729,2026-05-04
5715026166,2026-05-04
5714905434,2026-05-04
5715067949,2026-05-04
5715140945,2026-05-04
5715121586,2026-05-04
5715068296,2026-05-04
5715081800,2026-05-04
5715139426,2026-05-04
5715110932,2026-05-04
5715061589,2026-05-04
5715003976,2026-05-04
5715314099,2026-05-04
5715312900,2026-05-04
5715310627,2026-05-04
5680360459,2026-05-04
5700678064,2026-05-04
5716980472,2026-05-04
5702077930,2026-05-04
5714989259,2026-05-04
5694043788,2026-05-04
5694043787,2026-05-04
5540408301,2026-05-04
5717847137,2026-05-04
5709543928,2026-05-04
5547970038,2026-05-04
5370359285,2026-05-04
5707824971,2026-05-04
5703437498,2026-05-04
5692797359,2026-05-04
5655471605,2026-05-04
5716351269,2026-05-04
5655009523,2026-05-04
5709248741,2026-05-04
5686373260,2026-05-04
5716303555,2026-05-04
5716303548,2026-05-04
5714994046,2026-05-04
5715051064,2026-05-04
5715194162,2026-05-04
5714783802,2026-05-04
5634856120,2026-05-04
5022770999,2026-05-04
5675062885,2026-05-04
5713234918,2026-05-04
5693134318,2026-05-04
5704397695,2026-05-04
5701160621,2026-05-04
5680942508,2026-05-04
5704311398,2026-05-04
5694213247,2026-05-04
5689540522,2026-05-04
5618133048,2026-05-04
5654217025,2026-05-04
5644885337,2026-05-04
5699003743,2026-05-04
5646688298,2026-05-04
5658661028,2026-05-04
5715067304,2026-05-04
5400857149,2026-05-04
5648791403,2026-05-04
5710844487,2026-05-04
5715215336,2026-05-04
5715051334,2026-05-04
5671364870,2026-05-04
5695362354,2026-05-04
5715110593,2026-05-04
5715111079,2026-05-04
5715139135,2026-05-04
5715120868,2026-05-04
5715079313,2026-05-04
5715076462,2026-05-04
5714942649,2026-05-04
5714945764,2026-05-04
5714941496,2026-05-04
5715073817,2026-05-04
5714967916,2026-05-04
5715511193,2026-05-04
5714949505,2026-05-04
5704318258,2026-05-04
5714943402,2026-05-04
5680363357,2026-05-04
5699812523,2026-05-04
5668124377,2026-05-04
5665828717,2026-05-04
5685229509,2026-05-04
5709014044,2026-05-04
5716534902,2026-05-04
5658124342,2026-05-04
5716835826,2026-05-04
5713840309,2026-05-04
5717650374,2026-05-04
5670746409,2026-05-04
5705019275,2026-05-04
5716142958,2026-05-04
5718277157,2026-05-04
5718277152,2026-05-04
5672545052,2026-05-04
5714531336,2026-05-04
5702044455,2026-05-04
5673889723,2026-05-04
5680324738,2026-05-04
5682581462,2026-05-04
5681925555,2026-05-04
5670021301,2026-05-04
5542494071,2026-05-04
4811263741,2026-05-04
5630968524,2026-05-04
5716142996,2026-05-04
5718277154,2026-05-04
5709808224,2026-05-04
5648122076,2026-05-04
5699574278,2026-05-04
5715465954,2026-05-04
5718312883,2026-05-04
5694011449,2026-05-04
5695186360,2026-05-04
5716924708,2026-05-04
5689147524,2026-05-04
5550167850,2026-05-04
5690466037,2026-05-04
5710922013,2026-05-04
5706619037,2026-05-04
5708334294,2026-05-04
5718384287,2026-05-04
5714035007,2026-05-04
5709765804,2026-05-04
5693180111,2026-05-04
5509328330,2026-05-04
5710868430,2026-05-04
5648792954,2026-05-04
5707983798,2026-05-04
5528222995,2026-05-04
5707680167,2026-05-04
5677726403,2026-05-04
5238606079,2026-05-04
5714943811,2026-05-04
5599259701,2026-05-04
5605608138,2026-05-04
5680879614,2026-05-04
5713229318,2026-05-04
5679406536,2026-05-04
5646351730,2026-05-04
5713582096,2026-05-04
5714970000,2026-05-04
5678956627,2026-05-04
5686881651,2026-05-04
5706078324,2026-05-04
5690461534,2026-05-04
5706612580,2026-05-04
5708041472,2026-05-04
5708041470,2026-05-04
5686660302,2026-05-04
5680353169,2026-05-04
5680361259,2026-05-04
5680360498,2026-05-04
5716463636,2026-05-04
5698463609,2026-05-04
5712885875,2026-05-04
5716922669,2026-05-04
5716923727,2026-05-04
5714110428,2026-05-04
4870384491,2026-05-04
5718314820,2026-05-04
5695008915,2026-05-04
5695008938,2026-05-04
5676871466,2026-05-04
5677116139,2026-05-04
5628005182,2026-05-04
5697067432,2026-05-04
5694362731,2026-05-04
5693911340,2026-05-04
5693911347,2026-05-04
5697155760,2026-05-04
5694213121,2026-05-04
5693911353,2026-05-04
5693911339,2026-05-04
5694041467,2026-05-04
5661819194,2026-05-04
5548552869,2026-05-04
5694123344,2026-05-04
5710160155,2026-05-04
5251635405,2026-05-04
5706606211,2026-05-04
5698294564,2026-05-04
5680359816,2026-05-04
5699784521,2026-05-04
5554137041,2026-05-04
5688229940,2026-05-04
5704068489,2026-05-04
5670860215,2026-05-04
5681891529,2026-05-04
5664445143,2026-05-04
5704174529,2026-05-04
5696320548,2026-05-04
5678726003,2026-05-04
5678751837,2026-05-04
5618073284,2026-05-04
5603285031,2026-05-04
5683639068,2026-05-04
5677129017,2026-05-04
5717641091,2026-05-04
5699788316,2026-05-04
5680010075,2026-05-04
5696699794,2026-05-04
5608038174,2026-05-04
5712372468,2026-05-04
5714268734,2026-05-04
5706601577,2026-05-04
5696116217,2026-05-04
5696116215,2026-05-04
5714036015,2026-05-04
5678868093,2026-05-04
5687109687,2026-05-04
5712845148,2026-05-04
5716524377,2026-05-04
5657783290,2026-05-04
5680360458,2026-05-04
5709105360,2026-05-04
5706620412,2026-05-04
5715573687,2026-05-04
5694954111,2026-05-04
5694954104,2026-05-04
5715314268,2026-05-04
5702137078,2026-05-04
5718272617,2026-05-04
5715016059,2026-05-04
5715052920,2026-05-04
4686342347,2026-05-04
5614680612,2026-05-04
5673794335,2026-05-04
5674412237,2026-05-04
5712044413,2026-05-04
5701506506,2026-05-04
5145041920,2026-05-04
5437985107,2026-05-04
5667637691,2026-05-04
5678582379,2026-05-04
5701070012,2026-05-04
5678935680,2026-05-04
5701042005,2026-05-04
5710748460,2026-05-04
5681806406,2026-05-04
5503877771,2026-05-04
5503963795,2026-05-04
5503965808,2026-05-04
5503819633,2026-05-04
5503929663,2026-05-04
5503870045,2026-05-04
5503913859,2026-05-04
5503963281,2026-05-04
5503866234,2026-05-04
5503877224,2026-05-04
5503882635,2026-05-04
5503881025,2026-05-04
5503766803,2026-05-04
5700879294,2026-05-04
5503879240,2026-05-04
5503878854,2026-05-04
5503866004,2026-05-04
5503883076,2026-05-04
5503938591,2026-05-04
5503878125,2026-05-04
5674668760,2026-05-04
5503936848,2026-05-04
5503820603,2026-05-04
5503874424,2026-05-04
5503917487,2026-05-04
5503965881,2026-05-04
5503879657,2026-05-04
5503934302,2026-05-04
5503766683,2026-05-04
5503933677,2026-05-04
5503878622,2026-05-04
5503882392,2026-05-04
5503963437,2026-05-04
5503879429,2026-05-04
5503864691,2026-05-04
5503791421,2026-05-04
5716980863,2026-05-04
5718186700,2026-05-04
5716930494,2026-05-04
5715041436,2026-05-04
5673593693,2026-05-04
5564587735,2026-05-04
5677420901,2026-05-04
5671506618,2026-05-04
5710852172,2026-05-04
5671623451,2026-05-04
5674786440,2026-05-04
5679851265,2026-05-04
5699214500,2026-05-04
5714062750,2026-05-04
5631168815,2026-05-04
5716981988,2026-05-04
5716930489,2026-05-04
5715015653,2026-05-04
5714035944,2026-05-04
5715577456,2026-05-04
5029665772,2026-05-04
5689550268,2026-05-04
5614536578,2026-05-04
5461187259,2026-05-04
5716963179,2026-05-04
5716963197,2026-05-04
5716963196,2026-05-04
5716963159,2026-05-04
5716963144,2026-05-04
5716963233,2026-05-04
5716963095,2026-05-04
5716963162,2026-05-04
5716963137,2026-05-04
5716963146,2026-05-04
5716963106,2026-05-04
5716963157,2026-05-04
5716963268,2026-05-04
5716963232,2026-05-04
5709806511,2026-05-04
5674990157,2026-05-04
5716976642,2026-05-04
5712097836,2026-05-04
5712097857,2026-05-04
5712097880,2026-05-04
5712097997,2026-05-04
5712097932,2026-05-04
5712097941,2026-05-04
5712098018,2026-05-04
5712097885,2026-05-04
5712097909,2026-05-04
5712097918,2026-05-04
5712097910,2026-05-04
5712097920,2026-05-04
5716984997,2026-05-04
5716984970,2026-05-04
5711955971,2026-05-04
5711955277,2026-05-04
5711956498,2026-05-04
5716311294,2026-05-04
5673294669,2026-05-04
5713994907,2026-05-04
5704025964,2026-05-04
5717003209,2026-05-04
5693389833,2026-05-04
5693389850,2026-05-04
5707996688,2026-05-04
5707772001,2026-05-04
5707818168,2026-05-04
5716059562,2026-05-04
5716980842,2026-05-04
5716930334,2026-05-04
5718064911,2026-05-04
5691453813,2026-05-04
5707369889,2026-05-04
5712109638,2026-05-04
5716977174,2026-05-04
5715971424,2026-05-04
5308940673,2026-05-04
5655439262,2026-05-04
5718207481,2026-05-04
5716990773,2026-05-04
5714783620,2026-05-04
5716048704,2026-05-04
5704359725,2026-05-04
5626140942,2026-05-04
5672039779,2026-05-04
5672075894,2026-05-04
5716051864,2026-05-04
5701271416,2026-05-04
5508480513,2026-05-04
5503783611,2026-05-04
5503784094,2026-05-04
5503783344,2026-05-04
5503877433,2026-05-04
5503914527,2026-05-04
5503879341,2026-05-04
5503973682,2026-05-04
5503883323,2026-05-04
5503867358,2026-05-04
5503794363,2026-05-04
5503962794,2026-05-04
5503973727,2026-05-04
5503883776,2026-05-04
5658650217,2026-05-04
5712097908,2026-05-04
5712132591,2026-05-04
5715037350,2026-05-04
5714943726,2026-05-04
5709182828,2026-05-04
5718080619,2026-05-04
5695728338,2026-05-04
5715030077,2026-05-04
5713958999,2026-05-04
5718177480,2026-05-04
5663520936,2026-05-04
5663521098,2026-05-04
5663522360,2026-05-04
5663520979,2026-05-04
5663522340,2026-05-04
5663522364,2026-05-04
5663522452,2026-05-04
5663522311,2026-05-04
5663522262,2026-05-04
5663522442,2026-05-04
5663522914,2026-05-04
5663522908,2026-05-04
5663521102,2026-05-04
5663521276,2026-05-04
5663522241,2026-05-04
5663522267,2026-05-04
5663524084,2026-05-04
5663522933,2026-05-04
5663522821,2026-05-04
5663522789,2026-05-04
5663522746,2026-05-04
5663521133,2026-05-04
5663520957,2026-05-04
5663521035,2026-05-04
5716980627,2026-05-04
5715012192,2026-05-04
5715010731,2026-05-04
5715987514,2026-05-04
5716238431,2026-05-04
5605398726,2026-05-04
5715291949,2026-05-04
5706742416,2026-05-04
5674808813,2026-05-04
5705062787,2026-05-04
5678810714,2026-05-04
5387049579,2026-05-04
5674899444,2026-05-04
5645514361,2026-05-04
5714597146,2026-05-04
5718195368,2026-05-04
5718106025,2026-05-04
5716238195,2026-05-04
5715048432,2026-05-04
5689331708,2026-05-04
5711956375,2026-05-04
5718202605,2026-05-04
5718202835,2026-05-04
5714986574,2026-05-04
5709887313,2026-05-04
5714754696,2026-05-04
5690313641,2026-05-04
5690313638,2026-05-04
5690313652,2026-05-04
5715022398,2026-05-04
5715000866,2026-05-04
5716980577,2026-05-04
5680365730,2026-05-04
5714664327,2026-05-04
5714186125,2026-05-04
5707680195,2026-05-04
5711834007,2026-05-04
5651930247,2026-05-04
5621568517,2026-05-04
5707340351,2026-05-04
5696391105,2026-05-04
5715044740,2026-05-04
5685735492,2026-05-04
5699374086,2026-05-04
5718197458,2026-05-04
5718001550,2026-05-04
5718024026,2026-05-04
5687577050,2026-05-04
5699571356,2026-05-04
5715026456,2026-05-04
5715046324,2026-05-04
5712109705,2026-05-04
5716080927,2026-05-04
5714893365,2026-05-04
5715742220,2026-05-04
5702086402,2026-05-04
5702336877,2026-05-04
5695524731,2026-05-04
5711905011,2026-05-04
5711863218,2026-05-04
5536080744,2026-05-04
5694287244,2026-05-04
5694287287,2026-05-04
5654948477,2026-05-04
5595578811,2026-05-04
5718192267,2026-05-04
5679340387,2026-05-04
5699044661,2026-05-04
5714836538,2026-05-04
5695750543,2026-05-04
5295887586,2026-05-04
5210486355,2026-05-04
5704447112,2026-05-04
5718189174,2026-05-04
5716909018,2026-05-04
5687231311,2026-05-04
5674166441,2026-05-04
5677969387,2026-05-04
5717299300,2026-05-04
5713769218,2026-05-04
5295887580,2026-05-04
5295888634,2026-05-04
5295888431,2026-05-04
5210483052,2026-05-04
5295887997,2026-05-04
5708444530,2026-05-04
5716226431,2026-05-04
5210481381,2026-05-04
5210481384,2026-05-04
5210481383,2026-05-04
5210480202,2026-05-04
5210480204,2026-05-04
5716222593,2026-05-04
5654934887,2026-05-04
5210482307,2026-05-04
5711258833,2026-05-04
5210480060,2026-05-04
5210486356,2026-05-04
5718192497,2026-05-04
5295889246,2026-05-04
5712659336,2026-05-04
5615412552,2026-05-04
5710436712,2026-05-04
5616271070,2026-05-04
5695033724,2026-05-04
5689747063,2026-05-04
5715000730,2026-05-04
5714986666,2026-05-04
5715017641,2026-05-04
5715040246,2026-05-04
5715040305,2026-05-04
5715001127,2026-05-04
5715040555,2026-05-04
5715040295,2026-05-04
5715017633,2026-05-04
5715017642,2026-05-04
5715000694,2026-05-04
5715000741,2026-05-04
5715040579,2026-05-04
5714986630,2026-05-04
5714986555,2026-05-04
5715017498,2026-05-04
5715017632,2026-05-04
5715040283,2026-05-04
5715000808,2026-05-04
5714986542,2026-05-04
5715040235,2026-05-04
5715040304,2026-05-04
5715023544,2026-05-04
5715017659,2026-05-04
5715017533,2026-05-04
5715040281,2026-05-04
5715017528,2026-05-04
5715017675,2026-05-04
5714986661,2026-05-04
5715017694,2026-05-04
5715000746,2026-05-04
5715017541,2026-05-04
5714986551,2026-05-04
5714999549,2026-05-04
5715000764,2026-05-04
5715017667,2026-05-04
5714986664,2026-05-04
5715017645,2026-05-04
5715031431,2026-05-04
5715017682,2026-05-04
5712868925,2026-05-04
5715040687,2026-05-04
5714986699,2026-05-04
5695021681,2026-05-04
5715017550,2026-05-04
5715017532,2026-05-04
5714991261,2026-05-04
5710057269,2026-05-04
5714995760,2026-05-04
5714995678,2026-05-04
5715017535,2026-05-04
5715358417,2026-05-04
5714689581,2026-05-04
5718222825,2026-05-04
5666002116,2026-05-04
5718185812,2026-05-04
5598071142,2026-05-04
5598084281,2026-05-04
5696349024,2026-05-04
5714610997,2026-05-04
5697241833,2026-05-04
5717679985,2026-05-04
5708048351,2026-05-04
5715581498,2026-05-04
5534096458,2026-05-04
5690366174,2026-05-04
5708014583,2026-05-04
5674776325,2026-05-04
5684876276,2026-05-04
5673933696,2026-05-04
5714995751,2026-05-04
5691305680,2026-05-04
5701755948,2026-05-04
5715581811,2026-05-04
5466089813,2026-05-04
5715059547,2026-05-04
5714743859,2026-05-04
5714767758,2026-05-04
5718051709,2026-05-04
5715313425,2026-05-04
5710208906,2026-05-04
5638116274,2026-05-04
5709869735,2026-05-04
5252815393,2026-05-04
5252982472,2026-05-04
5252836484,2026-05-04
5252939904,2026-05-04
5252946252,2026-05-04
5252847537,2026-05-04
5252970308,2026-05-04
5252977435,2026-05-04
5252965128,2026-05-04
5252950494,2026-05-04
5617691462,2026-05-04
5253052476,2026-05-04
5253083530,2026-05-04
5638116575,2026-05-04
5662597721,2026-05-04
5716744558,2026-05-04
5668181858,2026-05-04
5253030353,2026-05-04
5252764728,2026-05-04
5253091287,2026-05-04
5687533637,2026-05-04
5687533643,2026-05-04
5687533639,2026-05-04
5676935812,2026-05-04
5683632841,2026-05-04
5701068140,2026-05-04
5703313529,2026-05-04
5673097949,2026-05-04
5673519941,2026-05-04
5254635558,2026-05-04
5252979305,2026-05-04
5680355934,2026-05-04
5702988584,2026-05-04
5715017844,2026-05-04
5699017019,2026-05-04
5717635650,2026-05-04
5702085829,2026-05-04
5708764458,2026-05-04
5716110896,2026-05-04
5694199880,2026-05-04
5313671076,2026-05-04
5302910024,2026-05-04
5715014072,2026-05-04
5715049016,2026-05-04
5715049280,2026-05-04
5715048911,2026-05-04
5715007170,2026-05-04
5713569821,2026-05-04
5704249638,2026-05-04
5714994307,2026-05-04
5313947656,2026-05-04
5313962768,2026-05-04
5313648482,2026-05-04
5701564459,2026-05-04
5313976228,2026-05-04
5314017537,2026-05-04
5279084064,2026-05-04
5313953491,2026-05-04
5715464629,2026-05-04
5620919351,2026-05-04
5696466961,2026-05-04
5716054424,2026-05-04
5715024197,2026-05-04
5715024496,2026-05-04
5715007383,2026-05-04
5279228628,2026-05-04
5279237502,2026-05-04
5314056017,2026-05-04
5709182662,2026-05-04
5715292915,2026-05-04
5683639614,2026-05-04
5314046979,2026-05-04
5313939449,2026-05-04
5673439450,2026-05-04
5302695518,2026-05-04
5313937646,2026-05-04
5706568361,2026-05-04
5716308975,2026-05-04
5688928426,2026-05-04
5714344444,2026-05-04
5630867127,2026-05-04
5694671540,2026-05-04
5717396442,2026-05-04
5302909113,2026-05-04
5638116246,2026-05-04
5710693210,2026-05-04
5711261554,2026-05-04
5695330267,2026-05-04
5435655663,2026-05-04
5672521961,2026-05-04
5672619942,2026-05-04
5717644338,2026-05-04
5686398293,2026-05-04
5656458437,2026-05-04
5710163400,2026-05-04
5715174420,2026-05-04
5684847834,2026-05-04
5713560423,2026-05-04
5714014058,2026-05-04
5696143537,2026-05-04
5701874744,2026-05-04
5702425737,2026-05-04
5693828411,2026-05-04
5694015786,2026-05-04
5714993993,2026-05-04
5673300053,2026-05-04
5677714366,2026-05-04
5702209004,2026-05-04
5706761701,2026-05-04
5697355424,2026-05-04
5706865148,2026-05-04
5706608472,2026-05-04
5701910441,2026-05-04
5652876241,2026-05-04
5716463456,2026-05-04
5711878361,2026-05-04
5466205838,2026-05-04
5710334063,2026-05-04
5706625781,2026-05-04
5626826748,2026-05-04
5681006690,2026-05-04
5576147589,2026-05-04
5684859051,2026-05-04
5675102918,2026-05-04
5702594826,2026-05-04
5617304189,2026-05-04
5617304187,2026-05-04
5680330345,2026-05-04
5680330344,2026-05-04
5617304184,2026-05-04
5715007409,2026-05-04
5707949662,2026-05-04
5718352805,2026-05-04
5718353248,2026-05-04
5714135079,2026-05-04
5718308329,2026-05-04
5718249001,2026-05-04
5718322826,2026-05-04
5718306722,2026-05-04
5718306651,2026-05-04
5718306728,2026-05-04
5718307104,2026-05-04
5718307963,2026-05-04
5718307942,2026-05-04
5718308296,2026-05-04
5718307924,2026-05-04
5718307669,2026-05-04
5718307506,2026-05-04
5718307078,2026-05-04
5718307219,2026-05-04
5718307244,2026-05-04
5718250366,2026-05-04
5718300861,2026-05-04
5718300764,2026-05-04
5718300852,2026-05-04
5718301783,2026-05-04
5718301818,2026-05-04
5718310854,2026-05-04
5718318652,2026-05-04
5718322908,2026-05-04
5718322192,2026-05-04
5718322888,2026-05-04
5718324094,2026-05-04
5718335362,2026-05-04
5718335532,2026-05-04
5718335514,2026-05-04
5718335665,2026-05-04
5718335681,2026-05-04
5718335994,2026-05-04
5718335841,2026-05-04
5718335771,2026-05-04
5718311201,2026-05-04
5718322881,2026-05-04
5718323588,2026-05-04
5718324185,2026-05-04
5714500101,2026-05-04
5711008441,2026-05-04
5682499230,2026-05-04
5414043321,2026-05-04
5714351241,2026-05-04
5714498990,2026-05-04
5566581975,2026-05-04
5697271889,2026-05-04
5710857565,2026-05-04
5715580544,2026-05-04
5715575141,2026-05-04
5673185819,2026-05-04
5617304186,2026-05-04
5509817190,2026-05-04
5509781819,2026-05-04
5509858079,2026-05-04
5509858076,2026-05-04
5509782198,2026-05-04
5509782122,2026-05-04
5509779549,2026-05-04
5509823146,2026-05-04
5509850188,2026-05-04
5509847675,2026-05-04
5509847651,2026-05-04
5509792420,2026-05-04
5509697935,2026-05-04
5509697928,2026-05-04
5509697940,2026-05-04
5509697920,2026-05-04
5509697939,2026-05-04
5509697926,2026-05-04
5509697922,2026-05-04
5509697912,2026-05-04
5509822836,2026-05-04
5509850183,2026-05-04
5509841899,2026-05-04
5509745073,2026-05-04
5509745089,2026-05-04
5509745083,2026-05-04
5509804952,2026-05-04
5509790071,2026-05-04
5509783014,2026-05-04
5509863154,2026-05-04
5509875873,2026-05-04
5509875893,2026-05-04
5509875882,2026-05-04
5509875872,2026-05-04
5509830193,2026-05-04
5509875871,2026-05-04
5509845453,2026-05-04
5509845484,2026-05-04
5509845472,2026-05-04
5509755892,2026-05-04
5509813224,2026-05-04
5509818931,2026-05-04
5509788480,2026-05-04
5509852254,2026-05-04
5509857177,2026-05-04
5509765249,2026-05-04
5689443234,2026-05-04
5714012505,2026-05-04
5714697630,2026-05-04
5707942987,2026-05-04
5704139222,2026-05-04
5704114974,2026-05-04
5704247452,2026-05-04
5704140676,2026-05-04
5704100076,2026-05-04
5704115102,2026-05-04
5704086047,2026-05-04
5704248615,2026-05-04
5704098002,2026-05-04
5704140518,2026-05-04
5704095570,2026-05-04
5704189158,2026-05-04
5704097318,2026-05-04
5704188110,2026-05-04
5704083423,2026-05-04
5704114826,2026-05-04
5704094265,2026-05-04
5704025959,2026-05-04
5704139940,2026-05-04
5704113741,2026-05-04
5704138328,2026-05-04
5704097725,2026-05-04
5704085604,2026-05-04
5704122452,2026-05-04
5704115302,2026-05-04
5704250516,2026-05-04
5704125741,2026-05-04
5704115990,2026-05-04
5704094608,2026-05-04
5704026547,2026-05-04
5704140230,2026-05-04
5704115177,2026-05-04
5639100075,2026-05-04
5704096184,2026-05-04
5704140190,2026-05-04
5704083450,2026-05-04
5711335899,2026-05-04
5626818133,2026-05-04
5648790131,2026-05-04
5699186451,2026-05-04
5710668472,2026-05-04
5707680614,2026-05-04
5663815243,2026-05-04
5663812922,2026-05-04
5663812573,2026-05-04
5663821998,2026-05-04
5663802945,2026-05-04
5663802834,2026-05-04
5663812492,2026-05-04
5663815056,2026-05-04
5663821991,2026-05-04
5663812931,2026-05-04
5663815220,2026-05-04
5663815222,2026-05-04
5663821969,2026-05-04
5663815083,2026-05-04
5662854523,2026-05-04
5663059243,2026-05-04
5662418268,2026-05-04
5646709105,2026-05-04
5490888389,2026-05-04
5678886075,2026-05-04
5662546049,2026-05-04
5662618615,2026-05-04
5707757804,2026-05-04
5611715346,2026-05-04
5696268373,2026-05-04
5696541285,2026-05-04
5700878173,2026-05-04
5530424240,2026-05-04
5530424235,2026-05-04
5718320230,2026-05-04
5636880950,2026-05-04
5716460742,2026-05-04
5715051925,2026-05-04
5618083246,2026-05-04
5704318991,2026-05-04
5703273139,2026-05-04
5689560135,2026-05-04
5715574040,2026-05-04
5715577232,2026-05-04
5715573912,2026-05-04
5692948850,2026-05-04
5701935871,2026-05-04
5674887381,2026-05-04
5631246115,2026-05-04
5429431210,2026-05-04
5551009882,2026-05-04
5684837457,2026-05-04
5695394103,2026-05-04
5714914108,2026-05-04
5678507126,2026-05-04
5678507132,2026-05-04
5678507190,2026-05-04
5678507980,2026-05-04
5686863753,2026-05-04
5688143606,2026-05-04
5711232120,2026-05-04
5708917724,2026-05-04
5708863409,2026-05-04
5715050241,2026-05-04
5706164666,2026-05-04
5697241894,2026-05-04
5561511068,2026-05-04
5715578150,2026-05-04
5554092254,2026-05-04
5573882332,2026-05-04
5485122062,2026-05-04
5687221051,2026-05-04
5696381397,2026-05-04
5717612004,2026-05-04
5714428810,2026-05-04
5696377713,2026-05-04
5709638023,2026-05-04
5561511072,2026-05-04
5715599665,2026-05-04
5662176354,2026-05-04
5688229919,2026-05-04
5699027330,2026-05-04
5715015548,2026-05-04
5715013424,2026-05-04
5710136086,2026-05-04
5718272535,2026-05-04
5718271020,2026-05-04
5718270764,2026-05-04
5718280635,2026-05-04
5718322550,2026-05-04
5663283260,2026-05-04
5703017976,2026-05-04
5698631318,2026-05-04
5700957416,2026-05-04
5688700735,2026-05-04
5662154854,2026-05-04
5656493936,2026-05-04
5718278302,2026-05-04
5649273574,2026-05-04
5649227400,2026-05-04
5649416584,2026-05-04
5649238813,2026-05-04
5649271863,2026-05-04
5649227791,2026-05-04
5649220599,2026-05-04
5649226765,2026-05-04
5649227766,2026-05-04
5649236495,2026-05-04
5649241133,2026-05-04
5649241085,2026-05-04
5649241120,2026-05-04
5649226809,2026-05-04
5649238852,2026-05-04
5649238040,2026-05-04
5702224301,2026-05-04
5649230711,2026-05-04
5649230683,2026-05-04
5649217083,2026-05-04
5649091943,2026-05-04
5649220495,2026-05-04
5649416691,2026-05-04
5466233123,2026-05-04
5395228299,2026-05-04
5395405195,2026-05-04
5707199754,2026-05-04
5702217342,2026-05-04
5692514053,2026-05-04
5692224533,2026-05-04
5692224560,2026-05-04
5703523678,2026-05-04
5684550951,2026-05-04
5714796602,2026-05-04
5696593049,2026-05-04
5699089482,2026-05-04
5712874522,2026-05-04
5715962641,2026-05-04
5706058756,2026-05-04
5696595117,2026-05-04
5716841379,2026-05-04
5701321943,2026-05-04
5716037540,2026-05-04
5716026154,2026-05-04
5716045325,2026-05-04
5679718793,2026-05-04
5697414865,2026-05-04
5710686417,2026-05-04
5697060529,2026-05-04
5611072442,2026-05-04
5687665997,2026-05-04
5687663635,2026-05-04
5685969572,2026-05-04
5695822191,2026-05-04
5717477312,2026-05-04
5683629233,2026-05-04
5656371785,2026-05-04
5712067843,2026-05-04
5688133785,2026-05-04
5670863322,2026-05-04
5692327062,2026-05-04
5640272221,2026-05-04
5638519869,2026-05-04
5326675429,2026-05-04
4809935431,2026-05-04
5696298682,2026-05-04
5684830671,2026-05-04
5706605355,2026-05-04
5701530331,2026-05-04
5715031986,2026-05-04
5718550016,2026-05-04
5714010671,2026-05-04
5710928432,2026-05-04
5715017382,2026-05-04
5696225768,2026-05-04
5714985735,2026-05-04
5714726385,2026-05-04
5542493755,2026-05-04
5715055027,2026-05-04
5714785294,2026-05-04
5422662483,2026-05-04
5680358111,2026-05-04
5715011446,2026-05-04
5704030686,2026-05-04
5714584946,2026-05-04
5656742440,2026-05-04
5574835380,2026-05-04
5715055066,2026-05-04
5684780785,2026-05-04
5684687761,2026-05-04
5702611996,2026-05-04
5715030184,2026-05-04
5522960806,2026-05-04
5714994637,2026-05-04
5528542741,2026-05-04
5496387822,2026-05-04
5671632567,2026-05-04
5698308614,2026-05-04
5655080998,2026-05-04
5675390745,2026-05-04
5709535015,2026-05-04
5715056318,2026-05-04
5714996060,2026-05-04
5680361858,2026-05-04
5715002257,2026-05-04
5714710124,2026-05-04
5675390720,2026-05-04
5713344609,2026-05-04
5685718847,2026-05-04
5715011400,2026-05-04
5702612579,2026-05-04
5715030098,2026-05-04
5704672881,2026-05-04
5699867155,2026-05-04
5707330764,2026-05-04
5714785278,2026-05-04
5714999887,2026-05-04
5715055093,2026-05-04
5680365738,2026-05-04
5662951303,2026-05-04
5714332085,2026-05-04
5696225474,2026-05-04
5675390707,2026-05-04
5696832011,2026-05-04
5640881346,2026-05-04
5689437874,2026-05-04
5715030049,2026-05-04
5714996139,2026-05-04
5714996752,2026-05-04
5687720891,2026-05-04
5665573200,2026-05-04
5714999870,2026-05-04
5715037413,2026-05-04
5715010803,2026-05-04
5655195272,2026-05-04
5704672835,2026-05-04
5674419695,2026-05-04
5715056296,2026-05-04
5714996031,2026-05-04
5715056294,2026-05-04
5715056303,2026-05-04
5717451632,2026-05-04
5675390760,2026-05-04
5709539041,2026-05-04
5715020830,2026-05-04
5715057234,2026-05-04
5714996094,2026-05-04
5715056305,2026-05-04
5715019333,2026-05-04
5715056325,2026-05-04
5715054878,2026-05-04
4814672076,2026-05-04
5184271037,2026-05-04
5706585850,2026-05-04
5649145080,2026-05-04
5704430746,2026-05-04
5708927300,2026-05-04
5714996759,2026-05-04
5714997096,2026-05-04
5715030199,2026-05-04
5715056335,2026-05-04
5714996751,2026-05-04
5715010607,2026-05-04
5715011173,2026-05-04
5609410983,2026-05-04
5694103666,2026-05-04
5694092412,2026-05-04
5641300567,2026-05-04
5713461601,2026-05-04
5606886320,2026-05-04
5612622934,2026-05-04
5714634397,2026-05-04
5714999884,2026-05-04
4464892641,2026-05-04
5553182787,2026-05-04
5189920550,2026-05-04
5715029180,2026-05-04
5715029268,2026-05-04
5715056038,2026-05-04
5715055953,2026-05-04
5699461682,2026-05-04
5714996062,2026-05-04
5715011113,2026-05-04
5715011096,2026-05-04
5715056321,2026-05-04
5680163614,2026-05-04
5582436273,2026-05-04
5703125784,2026-05-04
5626324131,2026-05-04
5714564538,2026-05-04
5679709482,2026-05-04
5679709490,2026-05-04
5679982560,2026-05-04
5706597440,2026-05-04
5686776247,2026-05-04
5599485691,2026-05-04
5706807887,2026-05-04
5717101680,2026-05-04
5689597849,2026-05-04
5686637983,2026-05-04
5643233559,2026-05-04
5714996758,2026-05-04
5714996762,2026-05-04
5706611278,2026-05-04
5061600082,2026-05-04
5695634184,2026-05-04
5714994932,2026-05-04
5714985623,2026-05-04
4816682521,2026-05-04
5549197295,2026-05-04
5306659614,2026-05-04
5306657517,2026-05-04
5306658247,2026-05-04
5306655872,2026-05-04
5306657510,2026-05-04
5306659620,2026-05-04
5306659607,2026-05-04
5306659611,2026-05-04
5306659599,2026-05-04
5306657528,2026-05-04
5306657508,2026-05-04
5306658432,2026-05-04
5306655999,2026-05-04
5306655996,2026-05-04
5703065178,2026-05-04
5695542576,2026-05-04
5690365728,2026-05-04
5690355268,2026-05-04
5714459197,2026-05-04
5700702872,2026-05-04
5436491928,2026-05-04
5715056273,2026-05-04
5714996742,2026-05-04
5715056317,2026-05-04
5715842495,2026-05-04
5614807672,2026-05-04
4809965204,2026-05-04
5327691296,2026-05-04
5707749556,2026-05-04
5709920189,2026-05-04
5703069578,2026-05-04
5715004979,2026-05-04
5717450345,2026-05-04
5714997104,2026-05-04
5715842497,2026-05-04
5715842503,2026-05-04
5693142106,2026-05-04
5709369796,2026-05-04
5668187068,2026-05-04
5708042091,2026-05-04
5686683275,2026-05-04
5641254945,2026-05-04
5715059279,2026-05-04
5715029449,2026-05-04
5702455133,2026-05-04
5700843661,2026-05-04
5717016527,2026-05-04
5713178511,2026-05-04
5695648930,2026-05-04
5675101586,2026-05-04
5703311453,2026-05-04
5715579264,2026-05-04
5715842496,2026-05-04
5693142102,2026-05-04
5710336857,2026-05-04
5536900219,2026-05-04
5661131304,2026-05-04
5022702909,2026-05-04
5714462169,2026-05-04
5679730638,2026-05-04
5679730624,2026-05-04
5679730627,2026-05-04
5693142100,2026-05-04
5717413345,2026-05-04
5694268272,2026-05-04
5695376466,2026-05-04
5679830754,2026-05-04
5679258658,2026-05-04
5689558105,2026-05-04
5710336856,2026-05-04
5679827095,2026-05-04
5707950387,2026-05-04
5714497776,2026-05-04
5715579974,2026-05-04
5706924202,2026-05-04
5714989264,2026-05-04
5714989242,2026-05-04
5647486628,2026-05-04
5715842490,2026-05-04
5715842504,2026-05-04
5715842499,2026-05-04
5715842500,2026-05-04
5709369797,2026-05-04
5710336855,2026-05-04
5714497775,2026-05-04
5716352616,2026-05-04
5704123482,2026-05-04
5702221929,2026-05-04
5704809979,2026-05-04
5715024837,2026-05-04
5706586920,2026-05-04
5596350777,2026-05-04
5546374647,2026-05-04
5684933305,2026-05-04
5715842486,2026-05-04
5715842494,2026-05-04
5715842498,2026-05-04
5715842505,2026-05-04
5715842493,2026-05-04
5715842489,2026-05-04
5715842492,2026-05-04
5717714828,2026-05-04
5019911363,2026-05-04
5701158219,2026-05-04
5709369799,2026-05-04
5701146389,2026-05-04
5710336854,2026-05-04
5417267794,2026-05-04
5703519617,2026-05-04
5672125326,2026-05-04
5715841937,2026-05-04
5710104164,2026-05-04
5707768374,2026-05-04
5673739660,2026-05-04
5673687941,2026-05-04
5673698842,2026-05-04
5673698826,2026-05-04
5673687195,2026-05-04
5605583083,2026-05-04
5673770330,2026-05-04
5673770314,2026-05-04
5673851133,2026-05-04
5673699028,2026-05-04
5673766886,2026-05-04
5673690136,2026-05-04
5673770052,2026-05-04
5673694622,2026-05-04
5673691004,2026-05-04
5605379935,2026-05-04
5673700753,2026-05-04
5673849521,2026-05-04
5706545739,2026-05-04
5694115173,2026-05-04
5715842491,2026-05-04
5684684433,2026-05-04
5710694513,2026-05-04
5715161255,2026-05-04
5715579476,2026-05-04
5678732865,2026-05-04
5678847742,2026-05-04
5678732803,2026-05-04
5678750801,2026-05-04
5678716510,2026-05-04
5678695573,2026-05-04
5678752213,2026-05-04
5678655944,2026-05-04
5678702585,2026-05-04
5678709659,2026-05-04
5678774733,2026-05-04
5678852854,2026-05-04
5678495663,2026-05-04
5678705763,2026-05-04
5678752844,2026-05-04
5678719750,2026-05-04
5678733467,2026-05-04
5678706983,2026-05-04
5678746045,2026-05-04
5678745816,2026-05-04
5678704587,2026-05-04
5678731335,2026-05-04
5678660437,2026-05-04
5678710262,2026-05-04
5678662573,2026-05-04
5678732567,2026-05-04
5678493723,2026-05-04
5678716198,2026-05-04
5678752872,2026-05-04
5678493050,2026-05-04
5678707176,2026-05-04
5678694108,2026-05-04
5678750846,2026-05-04
5678706942,2026-05-04
5678710493,2026-05-04
5678851434,2026-05-04
5678656384,2026-05-04
5703436357,2026-05-04
5659051198,2026-05-04
5668195785,2026-05-04
5696458703,2026-05-04
5677576377,2026-05-04
5717393809,2026-05-04
5712846439,2026-05-04
5714997542,2026-05-04
5671553879,2026-05-04
5696412807,2026-05-04
5713159456,2026-05-04
5713190040,2026-05-04
5713028211,2026-05-04
5703012833,2026-05-04
5715842501,2026-05-04
5715842502,2026-05-04
5715842488,2026-05-04
5709369800,2026-05-04
5715035402,2026-05-04
5688299024,2026-05-04
5631311886,2026-05-04
5631313065,2026-05-04
5631330587,2026-05-04
5631329899,2026-05-04
5631329252,2026-05-04
5631329269,2026-05-04
5670226159,2026-05-04
5631332008,2026-05-04
5631429382,2026-05-04
5631314611,2026-05-04
5631312922,2026-05-04
5678709042,2026-05-04
5631328299,2026-05-04
5631428280,2026-05-04
5631330690,2026-05-04
5631313573,2026-05-04
5703249272,2026-05-04
5710695951,2026-05-04
5710695945,2026-05-04
5716297664,2026-05-04
5716458134,2026-05-04
5716454182,2026-05-04
5713359781,2026-05-04
4874616145,2026-05-04
5714256913,2026-05-04
5672648641,2026-05-04
5672648106,2026-05-04
5672756937,2026-05-04
5672605228,2026-05-04
5672581866,2026-05-04
5672621645,2026-05-04
5672584304,2026-05-04
5672608428,2026-05-04
5672611974,2026-05-04
5672672682,2026-05-04
5672670298,2026-05-04
5672479249,2026-05-04
5672766767,2026-05-04
5672628140,2026-05-04
5672648598,2026-05-04
5672607673,2026-05-04
5672670587,2026-05-04
5672691543,2026-05-04
5672661054,2026-05-04
5672612718,2026-05-04
5672669915,2026-05-04
5672611964,2026-05-04
5672661214,2026-05-04
5672646689,2026-05-04
5672631149,2026-05-04
5672654856,2026-05-04
5672633686,2026-05-04
5672628865,2026-05-04
5672478727,2026-05-04
5672478500,2026-05-04
5672581748,2026-05-04
5690238286,2026-05-04
5672607399,2026-05-04
5672648374,2026-05-04
5672618413,2026-05-04
5672620911,2026-05-04
5690414794,2026-05-04
5672760131,2026-05-04
5671268808,2026-05-04
5669402015,2026-05-04
5654999062,2026-05-04
5667826011,2026-05-04
5667943596,2026-05-04
5707165862,2026-05-04
5543440621,2026-05-04
5583033739,2026-05-04
5678823775,2026-05-04
5674835485,2026-05-04
5661700267,2026-05-04
5663873090,2026-05-04
5696374368,2026-05-04
5697688732,2026-05-04
